Année scolaire 2025-2026,,,,,,,,,,,,
,,,,Emploi  du  temps  MCO 2,,,,,,,,
Version du 19/12/2025,,,,,,,,,,,,
,,,,,,,,,,,,
,,,,08h30-09h30,09h30-10h30,10h30-11h30,11h30-12h30,12h30-13h30,13h30-14h30,14h30-15h30,15h30-16h30,16h30-17h30
Jeu.,4,Sept.,2025,E7 - Gestion opérationnelle - C. RIPERT,,,,,,,,
Ven.,5,Sept.,2025,E6 - ADOC - F. GIL,,,,,E5 - DRCVC -  F. GIL,,,
Jeu.,11,Sept.,2025,E7 - Gestion opérationnelle - C. RIPERT,,,,,,,,
Ven.,12,Sept.,2025,E5 - DRCVC -  F. GIL,,,,,E42 - ADOC - F. GIL,,,
Jeu.,18,Sept.,2025,E2 - Anglais - J. CERNIS,,,,,,E1 - Culture générale et expression - L. GIRAUD (14h - 17h),,
Ven.,19,Sept.,2025,E7 - Gestion opérationnelle - C. RIPERT,,,,,E3 - CEJM - E. TABONI,,,
Jeu.,25,Sept.,2025,E7 - Gestion opérationnelle - C. RIPERT,,,,,Travail sur les fiches - en Autonomie - au CFA obligatoire,,,
Ven.,26,Sept.,2025,E6 - ADOC - F. GIL,,,,,E3 - CEJM - E. TABONI (groupe A),,E3 - CEJM - E. TABONI (groupe B),
Jeu.,2,Oct.,2025,E5 - DRCVC -  F. GIL,,,,,E42 - ADOC - F. GIL,,,
Ven.,3,Oct.,2025,E2 - Anglais - J. CERNIS,,,,,E7 - Gestion opérationnelle - C. RIPERT,,,
Jeu.,9,Oct.,2025,E6 - MEC - B.BALDIN,,,,,E5 - DRCVC -  F. GIL,,,
Ven.,10,Oct.,2025,E7 - Gestion opérationnelle - C. RIPERT,,,,,E3 - CEJM - E. TABONI (groupe B),,E3 - CEJM - E. TABONI (groupe A),
Jeu.,16,Oct.,2025,E6 - ADOC - F. GIL,,,,,E5 - DRCVC -  F. GIL,,,
Ven.,17,Oct.,2025,,,,,,E7 - Gestion opérationnelle - C. RIPERT,,,
Jeu.,23,Oct.,2025,E5 - DRCVC -  F. GIL,,,,,CAS PRATIQUE - B. BALDIN - au CFA obligatoire,,,
Ven.,24,Oct.,2025,E6 - ADOC - F. GIL,,,,,E3 - CEJM - E. TABONI (groupe A),,E3 - CEJM - E. TABONI (groupe B),
Jeu.,30,Oct.,2025,E6 - MEC - B.BALDIN,,,,,E2 - Anglais - J. CERNIS,,,Entrepr. - J. CARNIEL
Ven.,31,Oct.,2025,E5 - DRCVC -  F. GIL,,,,,Prise de parole - ToastMaster,,,
Jeu.,6,Nov.,2025,E6 - ADOC - F. GIL,,,,,E5 - DRCVC -  F. GIL,,,
Ven.,7,Nov.,2025,E7 - Gestion opérationnelle - C. RIPERT,,,,,Travail sur les fiches - en Autonomie - au CFA obligatoire,,,
Jeu.,13,Nov.,2025,E7 - Gestion opérationnelle - C. RIPERT,,,,,Entrepreneuriat - J. CARNIEL,,,
Ven.,14,Nov.,2025,E6 - ADOC - F. GIL,,,,,,,,
Mer.,19,Nov.,2025,MASTERCLASS,,,,,Engagement étudiant - S. CHECCHI (14h-15h30),,,
Jeu.,20,Nov.,2025,E6 - MEC - B.BALDIN,,,,,E3 - CEJM - E. TABONI (sous groupe),,,
Ven.,21,Nov.,2025,E5 - DRCVC -  F. GIL,,,,,E3 - CEJM - E. TABONI,,,
Jeu.,27,Nov.,2025,E6 - MEC - B.BALDIN,,,,,E2 - Anglais - J. CERNIS,,,
Ven.,28,Nov.,2025,E7 - Gestion opérationnelle - C. RIPERT,,,,,E3 - CEJM - E. TABONI (groupe A),,E3 - CEJM - E. TABONI (groupe B),
Mer.,3,Déc.,2025,ATELIERS,,,,,,Engagement étudiant - S. CHECCHI (15h-16H30),,
Jeu.,4,Déc.,2025,E6 - ADOC - F. GIL,,,,,,E1 - Culture générale et expression - L. GIRAUD (14h - 17h30),,
Ven.,5,Déc.,2025,E7 - Gestion opérationnelle - C. RIPERT,,,,,E3 - CEJM - E. TABONI (groupe B),,E3 - CEJM - E. TABONI (groupe A),
Jeu.,11,Déc.,2025,E7 - Gestion opérationnelle - C. RIPERT,,,,,E7 - Gestion opérationnelle - C. RIPERT,,,Entrepr. - J. CARNIEL
Ven.,12,Déc.,2025,E5 - DRCVC -  F. GIL,,,,,E6 - MEC - B.BALDIN,,,
Jeu.,18,Déc.,2025,,,,,,,E1 - Culture générale et expression - L. GIRAUD (14h - 17h30),,
Ven.,19,Déc.,2025,E1 - Culture générale et expression - L. GIRAUD,,,,,,,,
Jeu.,8,Janv.,2026,E2 - Anglais - J. CERNIS,,,,,,E1 - Culture générale et expression - L. GIRAUD (14h - 17h30),,
Ven.,9,Janv.,2026,E1 - Culture générale et expression - L. GIRAUD,,,,,E3 - CEJM - E. TABONI (sous groupe),,,
Jeu.,15,Janv.,2026,E5 - DRCVC -  F. GIL,,,,,E3 - CEJM - E. TABONI (groupe B),,E3 - CEJM - E. TABONI (groupe A),
Ven.,16,Janv.,2026,E3 - CEJM - E. TABONI (groupe B),,E3 - CEJM - E. TABONI (groupe A),,,E6 - MEC - B.BALDIN,,,
Lun.,19,Janv.,2026,BTS BLANC / CCF S3,,,,,ÉCRIT E1 - CULTURE GÉNÉRALE ET EXP. - L. GIRAUD (3H),,,
Mar.,20,Janv.,2026,ÉCRIT E3 - CEJM - E. TABONI  (4H),,,,,ÉCRIT E7 - GESTION OPÉRATIONNELLE - C. RIPERT (3H),,,
Mer.,21,Janv.,2026,ORAUX E5 - DRCVC - JURY EXT.  (40MIN) - RATTRAPAGE S2,,,,,ORAUX E5 - DRCVC - JURY EXT.  (40MIN) - RATTRAPAGE S2,,,
,,,,ORAUX E6 - ADOC - JURY EXT.  40MIN) - RATTRAPAGE S2,,,,,ORAUX E6 - ADOC - JURY EXT.  40MIN) - RATTRAPAGE S2,,,
Jeu.,22,Janv.,2026,ÉCRIT E8 - MEC - B. BALDIN  (3H30),,,,,BTS BLANC / CCF S3,,,
Ven.,23,Janv.,2026,E6 - ADOC - F. GIL,,,,,E6 - MEC - B.BALDIN,,,
Mer.,28,Janv.,2026,ORAUX E5 - DRCVC - JURY EXT.  (40MIN) - S3,,,,,,,,
,,,,ORAUX E6 - ADOC - JURY EXT.  40MIN) - S3,,,,,,,,
Jeu.,29,Janv.,2026,E6 - MEC - B.BALDIN,,,,,E2 - Anglais - J. CERNIS,,,
Ven.,30,Janv.,2026,E7 - Gestion opérationnelle - C. RIPERT,,,,,E3 - CEJM - E. TABONI (groupe A),,E3 - CEJM - E. TABONI (groupe B),
Jeu.,5,Fév.,2026,E6 - MEC - B.BALDIN,,,,,E5 - DRCVC -  F. GIL,,,
Ven.,6,Fév.,2026,E3 - CEJM - E. TABONI (groupe A),,E3 - CEJM - E. TABONI (groupe B),,,E7 - Gestion opérationnelle - C. RIPERT,,,
Jeu.,12,Fév.,2026,E6 - MEC - B.BALDIN,,,,,E6 - ADOC - F. GIL,,,
Ven.,13,Fév.,2026,E5 - DRCVC -  F. GIL,,,,,E6 - ADOC - F. GIL,,,CONSEIL DE CLASSE
Jeu.,19,Fév.,2026,E5 - DRCVC -  F. GIL,,,,,E6 - ADOC - F. GIL,,,Entrepr. - J. CARNIEL
Ven.,20,Fév.,2026,E7 - Gestion opérationnelle - C. RIPERT,,,,,E6 - MEC - B.BALDIN,,,
Jeu.,26,Fév.,2026,E2 - Anglais - J. CERNIS,,,,,,E1 - Culture générale et expression - L. GIRAUD (14h - 17h30),,
Ven.,27,Fév.,2026,E6 - ADOC - F. GIL,,,,,E3 - CEJM - E. TABONI (groupe B),,E3 - CEJM - E. TABONI (groupe A),
Jeu.,5,Mars,2026,E5 - DRCVC -  F. GIL,,,,,E6 - ADOC - F. GIL,,,Entrepr. - J. CARNIEL
Ven.,6,Mars,2026,E5 - DRCVC -  F. GIL,,,,,E6 - ADOC - F. GIL,,,
Jeu.,12,Mars,2026,E5 - DRCVC -  F. GIL,,,,,,E1 - Culture générale et expression - L. GIRAUD (14h - 17h30),,
Ven.,13,Mars,2026,E3 - CEJM - E. TABONI (groupe B),,E3 - CEJM - E. TABONI (groupe A),,,E6 - ADOC - F. GIL,,,
Mer.,18,Mars,2026,MASTERCLASS,,,,,Engagement étudiant - S. CHECCHI (13h30-15h),,MASTERCLASS,
Jeu.,19,Mars,2026,E2 - Anglais - J. CERNIS,,,,,,E1 - Culture générale et expression - L. GIRAUD (14h - 17h30),,
Ven.,20,Mars,2026,E5 - DRCVC -  F. GIL,,,,,E6 - ADOC - F. GIL,,,
Jeu.,26,Mars,2026,E6 - ADOC - F. GIL,,,,,,E1 - Culture générale et expression - L. GIRAUD (14h - 17h30),,
Ven.,27,Mars,2026,E1 - Culture générale et expression - L. GIRAUD,,,,,E6 - MEC - B.BALDIN,,,
Jeu.,2,Avr.,2026,E6 - MEC - B.BALDIN,,,,,E5 - DRCVC -  F. GIL,,,
Ven.,3,Avr.,2026,,,E3 - CEJM - E. TABONI (groupe A),,,E3 - CEJM - E. TABONI (groupe A),,E3 - CEJM - E. TABONI (groupe B),
Jeu.,9,Avr.,2026,E7 - Gestion opérationnelle - C. RIPERT,,,,,E7 - Gestion opérationnelle - C. RIPERT,,,Entrepr. - J. CARNIEL
Ven.,10,Avr.,2026,E3 - CEJM - E. TABONI (sous groupe),,,,,E6 - MEC - B.BALDIN,,,
Lun.,13,Avr.,2026,BTS BLANC / CCF S4,,,,,BTS BLANC / CCF S4,,,
Mar.,14,Avr.,2026,BTS BLANC / CCF S4,,,,,BTS BLANC / CCF S4,,,
Mer.,15,Avr.,2026,BTS BLANC / CCF S4,,,,,BTS BLANC / CCF S4,,,
Jeu.,16,Avr.,2026,BTS BLANC / CCF S4,,,,,BTS BLANC / CCF S4,,,
Ven.,17,Avr.,2026,E3 - CEJM - E. TABONI (groupe A),,E3 - CEJM - E. TABONI (groupe B),,,E6 - ADOC - F. GIL,,,
Jeu.,23,Avr.,2026,E6 - ADOC - F. GIL,,,,,E7 - Gestion opérationnelle - C. RIPERT,,,
Ven.,24,Avr.,2026,E2 - Anglais - J. CERNIS,,,,,E3 - CEJM - E. TABONI (groupe B),,E3 - CEJM - E. TABONI (groupe A),
Jeu.,30,Avr.,2026,E6 - MEC - B.BALDIN,,,,,,E1 - Culture générale et expression - L. GIRAUD (14h - 17h30),,
Ven.,1,Mai,2026,FÉRIÉ / ENTREPRISE,,,,,,,,
Jeu.,7,Mai,2026,E5 - DRCVC -  F. GIL,,,,,E6 - ADOC - F. GIL,,,CONSEIL DE CLASSE
Ven.,8,Mai,2026,FÉRIÉ / ENTREPRISE,,,,,,,,
Lun.,18,Mai,2026,,,,,,,Épreuve finale : CEJM (4H) 14h-18h,,
Mar.,19,Mai,2026,,,Épreuve finale : LV1 (2H) 10h30-12h30,,,,Épreuve finale : Culture générale et expression (3H) 14h30-17h30,,